largest,largest_fraction,mean_cluster_size,mode,model,occupied_sites,p,seed,size,trial,wrap_any,wrap_both,wrap_x,wrap_y
129,0.50390625,65.8515625,bond,random_manhattan,256,0.69716,5049436831488128642,16,0,True,True,True,True
183,0.71484375,131.1015625,bond,random_manhattan,256,0.69716,11521233338424035271,16,1,True,True,True,True
163,0.63671875,104.1484375,bond,random_manhattan,256,0.69716,5437628006992993575,16,2,True,True,True,True
70,0.2734375,22.6171875,bond,random_manhattan,256,0.69716,17383668919482281539,16,3,True,False,False,True
127,0.49609375,63.5078125,bond,random_manhattan,256,0.69716,4969784843816986833,16,4,True,False,False,True
192,0.75,144.25,bond,random_manhattan,256,0.69716,13902041426171194846,16,5,True,True,True,True
149,0.58203125,87.140625,bond,random_manhattan,256,0.69716,9676277191764877094,16,6,True,True,True,True
127,0.49609375,63.625,bond,random_manhattan,256,0.69716,16839843846372518684,16,7,True,True,True,True
121,0.47265625,59.7421875,bond,random_manhattan,256,0.69716,17431913108000243288,16,8,True,True,True,True
154,0.6015625,93.15625,bond,random_manhattan,256,0.69716,4343475069088705116,16,9,True,True,True,True
148,0.578125,86.03125,bond,random_manhattan,256,0.69716,14959540486259078405,16,10,True,True,True,True
162,0.6328125,102.8828125,bond,random_manhattan,256,0.69716,7226286740598397623,16,11,True,True,True,True
193,0.75390625,145.75,bond,random_manhattan,256,0.69716,15728093173064627979,16,12,True,True,True,True
151,0.58984375,89.4765625,bond,random_manhattan,256,0.69716,10260524677644882180,16,13,True,True,True,True
125,0.48828125,69.3984375,bond,random_manhattan,256,0.69716,2511973167401949329,16,14,True,True,True,True
127,0.49609375,63.5078125,bond,random_manhattan,256,0.69716,12765693179179576262,16,15,True,True,True,True
178,0.6953125,124.234375,bond,random_manhattan,256,0.69716,12023378601576733500,16,16,True,True,True,True
126,0.4921875,62.5703125,bond,random_manhattan,256,0.69716,12992309595392700245,16,17,True,True,True,True
95,0.37109375,36.609375,bond,random_manhattan,256,0.69716,1235112070096902295,16,18,True,False,False,True
167,0.65234375,109.453125,bond,random_manhattan,256,0.69716,10442815260827380755,16,19,True,True,True,True
133,0.51953125,69.578125,bond,random_manhattan,256,0.69716,4111735448401195492,16,20,True,True,True,True
157,0.61328125,96.671875,bond,random_manhattan,256,0.69716,12231275998921721270,16,21,True,True,True,True
101,0.39453125,40.6875,bond,random_manhattan,256,0.69716,9094748635235317002,16,22,True,False,False,True
129,0.50390625,66.015625,bond,random_manhattan,256,0.69716,12753359051701814976,16,23,True,False,False,True
181,0.70703125,128.265625,bond,random_manhattan,256,0.69716,2636067944841882295,16,24,True,True,True,True
184,0.71875,132.578125,bond,random_manhattan,256,0.69716,2111750664741390562,16,25,True,True,True,True
112,0.4375,50.046875,bond,random_manhattan,256,0.69716,14815135607116092774,16,26,True,True,True,True
165,0.64453125,106.8203125,bond,random_manhattan,256,0.69716,965508551947112378,16,27,True,True,True,True
175,0.68359375,119.9453125,bond,random_manhattan,256,0.69716,14417879770043938271,16,28,True,True,True,True
157,0.61328125,96.671875,bond,random_manhattan,256,0.69716,9668228938229296138,16,29,True,True,True,True
68,0.265625,20.375,bond,random_manhattan,256,0.69716,5167894227340794084,16,30,True,False,False,True
121,0.47265625,58.5859375,bond,random_manhattan,256,0.69716,15846644520719855444,16,31,True,True,True,True
163,0.63671875,104.1484375,bond,random_manhattan,256,0.69716,10226904505379749606,16,32,True,True,True,True
150,0.5859375,88.3046875,bond,random_manhattan,256,0.69716,14185260094916400355,16,33,True,True,True,True
146,0.5703125,83.90625,bond,random_manhattan,256,0.69716,1952973144121755922,16,34,True,True,True,True
97,0.37890625,37.96875,bond,random_manhattan,256,0.69716,3964745791808494611,16,35,True,True,True,True
165,0.64453125,106.9609375,bond,random_manhattan,256,0.69716,10205378661417782671,16,36,True,True,True,True
119,0.46484375,56.1328125,bond,random_manhattan,256,0.69716,14947255670187987732,16,37,True,False,True,False
165,0.64453125,106.75,bond,random_manhattan,256,0.69716,8948095352038275155,16,38,True,True,True,True
131,0.51171875,68.0078125,bond,random_manhattan,256,0.69716,3446798663572954992,16,39,True,True,True,True
158,0.6171875,97.9453125,bond,random_manhattan,256,0.69716,13579428549582162900,16,40,True,True,True,True
46,0.1796875,10.21875,bond,random_manhattan,256,0.69716,10787334900107994537,16,41,True,False,True,False
110,0.4296875,48.3515625,bond,random_manhattan,256,0.69716,17710986884869169183,16,42,True,True,True,True
129,0.50390625,65.546875,bond,random_manhattan,256,0.69716,1580856185027797267,16,43,True,True,True,True
139,0.54296875,76.0234375,bond,random_manhattan,256,0.69716,16048185809323573280,16,44,True,False,False,True
110,0.4296875,48.0,bond,random_manhattan,256,0.69716,8491755981843504608,16,45,True,False,False,True
123,0.48046875,59.734375,bond,random_manhattan,256,0.69716,6676409812220265924,16,46,True,True,True,True
115,0.44921875,52.875,bond,random_manhattan,256,0.69716,4700446773047033775,16,47,True,False,False,True
186,0.7265625,135.4140625,bond,random_manhattan,256,0.69716,3935217120420825996,16,48,True,True,True,True
136,0.53125,72.765625,bond,random_manhattan,256,0.69716,14172675553608355206,16,49,True,True,True,True
126,0.4921875,62.734375,bond,random_manhattan,256,0.69716,12154014033201675419,16,50,True,True,True,True
174,0.6796875,118.5859375,bond,random_manhattan,256,0.69716,9541958953161352467,16,51,True,True,True,True
132,0.515625,68.640625,bond,random_manhattan,256,0.69716,3990811510762821420,16,52,True,True,True,True
159,0.62109375,99.3515625,bond,random_manhattan,256,0.69716,13324410727112517787,16,53,True,True,True,True
177,0.69140625,122.8984375,bond,random_manhattan,256,0.69716,8922055274324102951,16,54,True,True,True,True
140,0.546875,77.578125,bond,random_manhattan,256,0.69716,7217067115947943730,16,55,True,True,True,True
130,0.5078125,67.140625,bond,random_manhattan,256,0.69716,3043147396191254097,16,56,True,True,True,True
174,0.6796875,118.5859375,bond,random_manhattan,256,0.69716,2633518410340016906,16,57,True,True,True,True
57,0.22265625,15.5625,bond,random_manhattan,256,0.69716,14558321351700590312,16,58,True,False,False,True
172,0.671875,115.890625,bond,random_manhattan,256,0.69716,8130275844752401584,16,59,True,True,True,True
121,0.47265625,57.9296875,bond,random_manhattan,256,0.69716,12780237833199620326,16,60,True,True,True,True
178,0.6953125,124.0703125,bond,random_manhattan,256,0.69716,13266610915721502497,16,61,True,True,True,True
192,0.75,144.25,bond,random_manhattan,256,0.69716,8327388427858089889,16,62,True,True,True,True
117,0.45703125,54.453125,bond,random_manhattan,256,0.69716,5146364987626174925,16,63,True,False,False,True
49,0.19140625,10.6171875,bond,random_manhattan,256,0.69716,8272133485698899671,16,64,True,False,False,True
178,0.6953125,124.1171875,bond,random_manhattan,256,0.69716,2473373034599192285,16,65,True,True,True,True
73,0.28515625,23.9453125,bond,random_manhattan,256,0.69716,1331301837510654681,16,66,True,False,True,False
125,0.48828125,67.8984375,bond,random_manhattan,256,0.69716,16003013413146775659,16,67,True,True,True,True
147,0.57421875,84.8359375,bond,random_manhattan,256,0.69716,6884031175747238760,16,68,True,True,True,True
173,0.67578125,117.3515625,bond,random_manhattan,256,0.69716,16719747890706749588,16,69,True,True,True,True
133,0.51953125,70.3359375,bond,random_manhattan,256,0.69716,6778596665354097903,16,70,True,True,True,True
97,0.37890625,38.3125,bond,random_manhattan,256,0.69716,11440584661341821129,16,71,True,True,True,True
175,0.68359375,119.9453125,bond,random_manhattan,256,0.69716,1610478182128240339,16,72,True,True,True,True
186,0.7265625,135.4609375,bond,random_manhattan,256,0.69716,15191461156283997663,16,73,True,True,True,True
111,0.43359375,49.609375,bond,random_manhattan,256,0.69716,2158202292729176977,16,74,True,True,True,True
159,0.62109375,99.1796875,bond,random_manhattan,256,0.69716,1749011223640296093,16,75,True,True,True,True
95,0.37109375,37.5703125,bond,random_manhattan,256,0.69716,8415208218797540172,16,76,True,True,True,True
171,0.66796875,114.671875,bond,random_manhattan,256,0.69716,6356339198174975652,16,77,True,True,True,True
149,0.58203125,87.46875,bond,random_manhattan,256,0.69716,2446577306034663154,16,78,True,True,True,True
169,0.66015625,111.90625,bond,random_manhattan,256,0.69716,4938956541910498084,16,79,True,True,True,True
125,0.48828125,62.34375,bond,random_manhattan,256,0.69716,8390079954937837062,16,80,True,True,True,True
167,0.65234375,109.3359375,bond,random_manhattan,256,0.69716,1826003024244012396,16,81,True,True,True,True
144,0.5625,81.484375,bond,random_manhattan,256,0.69716,12027706894358090223,16,82,True,True,True,True
132,0.515625,68.9921875,bond,random_manhattan,256,0.69716,16667346378843448686,16,83,True,True,True,True
93,0.36328125,34.7734375,bond,random_manhattan,256,0.69716,2797667048207238273,16,84,True,False,True,False
105,0.41015625,43.84375,bond,random_manhattan,256,0.69716,11860637922750264048,16,85,True,True,True,True
19,0.07421875,4.9375,bond,random_manhattan,256,0.69716,1503378861247238778,16,86,False,False,False,False
165,0.64453125,106.703125,bond,random_manhattan,256,0.69716,12764608188516326662,16,87,True,True,True,True
168,0.65625,112.234375,bond,random_manhattan,256,0.69716,8647500774517773623,16,88,True,True,True,True
157,0.61328125,96.671875,bond,random_manhattan,256,0.69716,11151887374536733423,16,89,True,True,True,True
141,0.55078125,78.15625,bond,random_manhattan,256,0.69716,4292943982336353086,16,90,True,True,True,True
90,0.3515625,33.109375,bond,random_manhattan,256,0.69716,2633841847902371345,16,91,True,True,True,True
181,0.70703125,128.265625,bond,random_manhattan,256,0.69716,14636224504638740981,16,92,True,True,True,True
98,0.3828125,39.234375,bond,random_manhattan,256,0.69716,6578561711691863303,16,93,True,True,True,True
100,0.390625,39.8359375,bond,random_manhattan,256,0.69716,2727865260213223064,16,94,True,False,True,False
115,0.44921875,52.4765625,bond,random_manhattan,256,0.69716,10405555924268475226,16,95,True,True,True,True
201,0.78515625,158.1484375,bond,random_manhattan,256,0.69716,15026034056972759760,16,96,True,True,True,True
129,0.50390625,65.5,bond,random_manhattan,256,0.69716,1844699089466428538,16,97,True,True,True,True
138,0.5390625,74.9453125,bond,random_manhattan,256,0.69716,1431012128779161753,16,98,True,True,True,True
182,0.7109375,129.6796875,bond,random_manhattan,256,0.69716,1381647249192057227,16,99,True,True,True,True
58,0.2265625,15.828125,bond,random_manhattan,256,0.69716,11819731076567897795,16,100,True,False,False,True
113,0.44140625,56.6953125,bond,random_manhattan,256,0.69716,17669817669049859405,16,101,True,True,True,True
134,0.5234375,70.6640625,bond,random_manhattan,256,0.69716,10358293952729988456,16,102,True,True,True,True
171,0.66796875,114.6015625,bond,random_manhattan,256,0.69716,3963631048439977029,16,103,True,True,True,True
182,0.7109375,129.796875,bond,random_manhattan,256,0.69716,7082662673802500863,16,104,True,True,True,True
157,0.61328125,97.2421875,bond,random_manhattan,256,0.69716,11306053452680591350,16,105,True,True,True,True
191,0.74609375,142.7578125,bond,random_manhattan,256,0.69716,3887197326549777593,16,106,True,True,True,True
155,0.60546875,94.2421875,bond,random_manhattan,256,0.69716,1008735999717427514,16,107,True,True,True,True
85,0.33203125,34.2578125,bond,random_manhattan,256,0.69716,11738320286836453810,16,108,True,True,True,True
166,0.6484375,107.9921875,bond,random_manhattan,256,0.69716,8217157981924321835,16,109,True,True,True,True
139,0.54296875,76.28125,bond,random_manhattan,256,0.69716,1874546895964288187,16,110,True,True,True,True
42,0.1640625,11.375,bond,random_manhattan,256,0.69716,7422874218739888868,16,111,False,False,False,False
85,0.33203125,40.234375,bond,random_manhattan,256,0.69716,14654749653232354680,16,112,True,False,True,False
147,0.57421875,84.953125,bond,random_manhattan,256,0.69716,13192928331500505150,16,113,True,True,True,True
177,0.69140625,122.6875,bond,random_manhattan,256,0.69716,4939630897641896715,16,114,True,True,True,True
120,0.46875,57.3046875,bond,random_manhattan,256,0.69716,6953241117848443613,16,115,True,True,True,True
67,0.26171875,18.703125,bond,random_manhattan,256,0.69716,9647569043783278318,16,116,True,False,True,False
137,0.53515625,74.71875,bond,random_manhattan,256,0.69716,8074937929861663838,16,117,True,True,True,True
81,0.31640625,26.7890625,bond,random_manhattan,256,0.69716,2276659106994408369,16,118,True,False,True,False
119,0.46484375,56.1875,bond,random_manhattan,256,0.69716,5075343918400908591,16,119,True,True,True,True
143,0.55859375,80.3203125,bond,random_manhattan,256,0.69716,14024369999810626097,16,120,True,True,True,True
143,0.55859375,80.3203125,bond,random_manhattan,256,0.69716,15569090486093512007,16,121,True,True,True,True
103,0.40234375,42.71875,bond,random_manhattan,256,0.69716,9515569051330852200,16,122,True,False,True,False
210,0.8203125,172.4453125,bond,random_manhattan,256,0.69716,11338401001867657818,16,123,True,True,True,True
149,0.58203125,87.1875,bond,random_manhattan,256,0.69716,9872218596100764968,16,124,True,True,True,True
151,0.58984375,89.4765625,bond,random_manhattan,256,0.69716,10936272157452760238,16,125,True,True,True,True
140,0.546875,77.015625,bond,random_manhattan,256,0.69716,16816054864477350821,16,126,True,True,True,True
145,0.56640625,83.2734375,bond,random_manhattan,256,0.69716,17303186810817089098,16,127,True,True,True,True
170,0.6640625,113.34375,bond,random_manhattan,256,0.69716,10024468398764276701,16,128,True,True,True,True
108,0.421875,47.1953125,bond,random_manhattan,256,0.69716,10751649980244282756,16,129,True,False,True,False
167,0.65234375,109.2890625,bond,random_manhattan,256,0.69716,2465663246168409852,16,130,True,True,True,True
171,0.66796875,115.0703125,bond,random_manhattan,256,0.69716,2349719006743420684,16,131,True,True,True,True
196,0.765625,150.34375,bond,random_manhattan,256,0.69716,17246602173791944505,16,132,True,True,True,True
154,0.6015625,93.0390625,bond,random_manhattan,256,0.69716,8857497336579151571,16,133,True,True,True,True
147,0.57421875,85.0703125,bond,random_manhattan,256,0.69716,12169709602239207793,16,134,True,True,True,True
145,0.56640625,82.609375,bond,random_manhattan,256,0.69716,3847621750720864641,16,135,True,True,True,True
118,0.4609375,55.09375,bond,random_manhattan,256,0.69716,3472206532898492150,16,136,True,True,True,True
130,0.5078125,66.7265625,bond,random_manhattan,256,0.69716,6345464101789161727,16,137,True,True,True,True
100,0.390625,40.1171875,bond,random_manhattan,256,0.69716,3799076527808647172,16,138,True,True,True,True
14,0.0546875,2.3984375,bond,random_manhattan,256,0.69716,2717427715308934510,16,139,False,False,False,False
157,0.61328125,96.890625,bond,random_manhattan,256,0.69716,6111892599595951535,16,140,True,True,True,True
176,0.6875,121.3125,bond,random_manhattan,256,0.69716,2179472253651076250,16,141,True,True,True,True
144,0.5625,81.484375,bond,random_manhattan,256,0.69716,17785460514773116102,16,142,True,True,True,True
173,0.67578125,117.234375,bond,random_manhattan,256,0.69716,17045535560262208087,16,143,True,True,True,True
66,0.2578125,28.7578125,bond,random_manhattan,256,0.69716,14833435445867620981,16,144,True,True,True,True
175,0.68359375,119.9453125,bond,random_manhattan,256,0.69716,12277514403992393322,16,145,True,True,True,True
191,0.74609375,142.9765625,bond,random_manhattan,256,0.69716,9931330064053965891,16,146,True,True,True,True
124,0.484375,60.625,bond,random_manhattan,256,0.69716,2359395564783651645,16,147,True,True,True,True
175,0.68359375,119.9453125,bond,random_manhattan,256,0.69716,14161385878471716452,16,148,True,True,True,True
113,0.44140625,52.0859375,bond,random_manhattan,256,0.69716,17333192288487658167,16,149,True,True,True,True
143,0.55859375,80.8359375,bond,random_manhattan,256,0.69716,13697107728972753188,16,150,True,True,True,True
65,0.25390625,18.7109375,bond,random_manhattan,256,0.69716,16088504294857259923,16,151,True,False,False,True
112,0.4375,49.7265625,bond,random_manhattan,256,0.69716,9428852653977313122,16,152,True,True,True,True
135,0.52734375,71.828125,bond,random_manhattan,256,0.69716,8792886662414921100,16,153,True,True,True,True
165,0.64453125,106.703125,bond,random_manhattan,256,0.69716,3747885448185396895,16,154,True,True,True,True
101,0.39453125,40.8046875,bond,random_manhattan,256,0.69716,9011892293309790830,16,155,True,True,True,True
130,0.5078125,66.5546875,bond,random_manhattan,256,0.69716,11833563307620675148,16,156,True,True,True,True
141,0.55078125,78.109375,bond,random_manhattan,256,0.69716,4053192835902582069,16,157,True,True,True,True
172,0.671875,116.0078125,bond,random_manhattan,256,0.69716,7328339525533678759,16,158,True,True,True,True
172,0.671875,116.0078125,bond,random_manhattan,256,0.69716,11134085515733983140,16,159,True,True,True,True
167,0.65234375,109.2890625,bond,random_manhattan,256,0.69716,1681816158189680918,16,160,True,True,True,True
172,0.671875,116.0078125,bond,random_manhattan,256,0.69716,2250764931134521675,16,161,True,True,True,True
149,0.58203125,87.2578125,bond,random_manhattan,256,0.69716,6074968333485448403,16,162,True,True,True,True
189,0.73828125,139.84375,bond,random_manhattan,256,0.69716,946291731906799750,16,163,True,True,True,True
149,0.58203125,87.140625,bond,random_manhattan,256,0.69716,12433914067555806657,16,164,True,False,False,True
147,0.57421875,84.8359375,bond,random_manhattan,256,0.69716,10990329066840935414,16,165,True,True,True,True
180,0.703125,126.859375,bond,random_manhattan,256,0.69716,3310161856449870464,16,166,True,True,True,True
190,0.7421875,141.3671875,bond,random_manhattan,256,0.69716,2748525923912085380,16,167,True,True,True,True
137,0.53515625,74.0,bond,random_manhattan,256,0.69716,5463175460272496103,16,168,True,True,True,True
153,0.59765625,91.84375,bond,random_manhattan,256,0.69716,2933010403396458865,16,169,True,True,True,True
142,0.5546875,79.2109375,bond,random_manhattan,256,0.69716,8705259758942711923,16,170,True,True,True,True
158,0.6171875,97.8984375,bond,random_manhattan,256,0.69716,5222082041761462509,16,171,True,True,True,True
12,0.046875,2.4609375,bond,random_manhattan,256,0.69716,1373391148976182184,16,172,False,False,False,False
107,0.41796875,45.3515625,bond,random_manhattan,256,0.69716,17793752285495211607,16,173,True,False,True,False
162,0.6328125,102.9296875,bond,random_manhattan,256,0.69716,13438127229324289594,16,174,True,True,True,True
155,0.60546875,94.2890625,bond,random_manhattan,256,0.69716,8009546831789194649,16,175,True,False,True,False
171,0.66796875,114.671875,bond,random_manhattan,256,0.69716,305663801396957042,16,176,True,True,True,True
184,0.71875,132.53125,bond,random_manhattan,256,0.69716,2138966896523534008,16,177,True,True,True,True
144,0.5625,81.4375,bond,random_manhattan,256,0.69716,18272858032771403865,16,178,True,True,True,True
210,0.8203125,172.4453125,bond,random_manhattan,256,0.69716,9151099597115546908,16,179,True,True,True,True
181,0.70703125,128.265625,bond,random_manhattan,256,0.69716,10847635112547119589,16,180,True,True,True,True
160,0.625,100.375,bond,random_manhattan,256,0.69716,8791469134798545637,16,181,True,True,True,True
142,0.5546875,79.375,bond,random_manhattan,256,0.69716,905586724691437223,16,182,True,False,True,False
138,0.5390625,76.046875,bond,random_manhattan,256,0.69716,7245200014513569066,16,183,True,True,True,True
156,0.609375,95.453125,bond,random_manhattan,256,0.69716,2616653166967079207,16,184,True,True,True,True
164,0.640625,105.8046875,bond,random_manhattan,256,0.69716,15426191212061533486,16,185,True,True,True,True
130,0.5078125,66.7421875,bond,random_manhattan,256,0.69716,10055918323992739739,16,186,True,True,True,True
85,0.33203125,28.9375,bond,random_manhattan,256,0.69716,6862602915024801669,16,187,True,False,False,True
79,0.30859375,26.2890625,bond,random_manhattan,256,0.69716,16317001123061232804,16,188,True,False,False,True
126,0.4921875,62.5234375,bond,random_manhattan,256,0.69716,9077507148319707606,16,189,True,True,True,True
107,0.41796875,46.0859375,bond,random_manhattan,256,0.69716,4510142198213494603,16,190,True,True,True,True
147,0.57421875,84.953125,bond,random_manhattan,256,0.69716,4885216998191078332,16,191,True,True,True,True
62,0.2421875,16.7421875,bond,random_manhattan,256,0.69716,3899159269041481909,16,192,True,False,False,True
162,0.6328125,102.8828125,bond,random_manhattan,256,0.69716,11665220921498776027,16,193,True,True,True,True
85,0.33203125,32.5078125,bond,random_manhattan,256,0.69716,11326567073914889745,16,194,False,False,False,False
151,0.58984375,89.4765625,bond,random_manhattan,256,0.69716,15890043321297543995,16,195,True,True,True,True
161,0.62890625,101.71875,bond,random_manhattan,256,0.69716,223752585881891067,16,196,True,True,True,True
189,0.73828125,139.796875,bond,random_manhattan,256,0.69716,17990255554763104196,16,197,True,True,True,True
178,0.6953125,124.3515625,bond,random_manhattan,256,0.69716,1161721133275058437,16,198,True,True,True,True
120,0.46875,57.109375,bond,random_manhattan,256,0.69716,16511578208385916553,16,199,True,False,True,False
186,0.7265625,135.4140625,bond,random_manhattan,256,0.69716,14168002621561476433,16,200,True,True,True,True
149,0.58203125,87.6953125,bond,random_manhattan,256,0.69716,14808988541128425260,16,201,True,True,True,True
173,0.67578125,117.453125,bond,random_manhattan,256,0.69716,8256331916634092458,16,202,True,True,True,True
123,0.48046875,59.8984375,bond,random_manhattan,256,0.69716,16189266784238559200,16,203,True,False,False,True
122,0.4765625,58.6640625,bond,random_manhattan,256,0.69716,8877851061037145188,16,204,True,True,True,True
176,0.6875,121.3125,bond,random_manhattan,256,0.69716,6040756285233874405,16,205,True,True,True,True
154,0.6015625,93.0390625,bond,random_manhattan,256,0.69716,8454038390330348230,16,206,True,True,True,True
198,0.7734375,153.3671875,bond,random_manhattan,256,0.69716,18414115233972390518,16,207,True,True,True,True
177,0.69140625,122.8046875,bond,random_manhattan,256,0.69716,4573466102976357993,16,208,True,True,True,True
70,0.2734375,22.40625,bond,random_manhattan,256,0.69716,7737126935357111995,16,209,True,False,False,True
187,0.73046875,136.8671875,bond,random_manhattan,256,0.69716,526933445712444936,16,210,True,True,True,True
154,0.6015625,93.0390625,bond,random_manhattan,256,0.69716,17899428438807699021,16,211,True,True,True,True
205,0.80078125,164.359375,bond,random_manhattan,256,0.69716,2766887053509358338,16,212,True,True,True,True
97,0.37890625,39.015625,bond,random_manhattan,256,0.69716,7057040213728691285,16,213,True,True,True,True
178,0.6953125,124.1171875,bond,random_manhattan,256,0.69716,6750800517392089274,16,214,True,True,True,True
162,0.6328125,103.0,bond,random_manhattan,256,0.69716,17538541212850032013,16,215,True,True,True,True
195,0.76171875,148.7734375,bond,random_manhattan,256,0.69716,15425309321450256260,16,216,True,True,True,True
103,0.40234375,42.515625,bond,random_manhattan,256,0.69716,664983783225759833,16,217,True,True,True,True
46,0.1796875,15.953125,bond,random_manhattan,256,0.69716,14781296478776643195,16,218,True,False,False,True
201,0.78515625,158.03125,bond,random_manhattan,256,0.69716,13028566261998803555,16,219,True,True,True,True
61,0.23828125,24.765625,bond,random_manhattan,256,0.69716,8909049495289180516,16,220,False,False,False,False
180,0.703125,126.90625,bond,random_manhattan,256,0.69716,9813433315835777527,16,221,True,True,True,True
164,0.640625,105.46875,bond,random_manhattan,256,0.69716,16071534987966114155,16,222,True,True,True,True
134,0.5234375,71.046875,bond,random_manhattan,256,0.69716,1769654124521447280,16,223,True,True,True,True
163,0.63671875,104.1953125,bond,random_manhattan,256,0.69716,1455401117616046731,16,224,True,True,True,True
98,0.3828125,39.0,bond,random_manhattan,256,0.69716,18327934069678441361,16,225,True,True,True,True
58,0.2265625,14.625,bond,random_manhattan,256,0.69716,15991268370490455253,16,226,True,False,True,False
82,0.3203125,27.109375,bond,random_manhattan,256,0.69716,4099747564542467034,16,227,True,False,True,False
136,0.53125,72.765625,bond,random_manhattan,256,0.69716,5454401681513387171,16,228,True,True,True,True
140,0.546875,77.28125,bond,random_manhattan,256,0.69716,14917216266868398858,16,229,True,True,True,True
166,0.6484375,108.0390625,bond,random_manhattan,256,0.69716,13872147173632952881,16,230,True,True,True,True
69,0.26953125,20.3828125,bond,random_manhattan,256,0.69716,14879585160459471949,16,231,False,False,False,False
159,0.62109375,99.1328125,bond,random_manhattan,256,0.69716,4865074747591825615,16,232,True,True,True,True
187,0.73046875,136.8671875,bond,random_manhattan,256,0.69716,3385815929291033250,16,233,True,True,True,True
125,0.48828125,61.6640625,bond,random_manhattan,256,0.69716,13288934034283498923,16,234,True,True,True,True
171,0.66796875,114.6015625,bond,random_manhattan,256,0.69716,7139954616832591351,16,235,True,True,True,True
171,0.66796875,114.5546875,bond,random_manhattan,256,0.69716,11999587746312834801,16,236,True,True,True,True
147,0.57421875,84.8359375,bond,random_manhattan,256,0.69716,6428591348394317233,16,237,True,True,True,True
174,0.6796875,119.015625,bond,random_manhattan,256,0.69716,10935642483380361213,16,238,True,True,True,True
170,0.6640625,113.2265625,bond,random_manhattan,256,0.69716,15843644650058191189,16,239,True,True,True,True
164,0.640625,105.421875,bond,random_manhattan,256,0.69716,4966367716338055445,16,240,True,True,True,True
90,0.3515625,32.40625,bond,random_manhattan,256,0.69716,9353075901491329537,16,241,True,True,True,True
169,0.66015625,111.90625,bond,random_manhattan,256,0.69716,3000241980351441051,16,242,True,True,True,True
96,0.375,57.15625,bond,random_manhattan,256,0.69716,16629561164440870816,16,243,True,False,True,False
159,0.62109375,99.1796875,bond,random_manhattan,256,0.69716,6400675062719293111,16,244,True,True,True,True
171,0.66796875,114.5546875,bond,random_manhattan,256,0.69716,2738285300079030593,16,245,True,True,True,True
172,0.671875,115.890625,bond,random_manhattan,256,0.69716,1163337980436126292,16,246,True,True,True,True
134,0.5234375,74.4921875,bond,random_manhattan,256,0.69716,7924812600491308167,16,247,True,True,True,True
151,0.58984375,89.4765625,bond,random_manhattan,256,0.69716,15440779701906815282,16,248,True,True,True,True
149,0.58203125,90.09375,bond,random_manhattan,256,0.69716,12963027964799852062,16,249,True,True,True,True
133,0.51953125,69.625,bond,random_manhattan,256,0.69716,10690664597820813624,16,250,True,True,True,True
194,0.7578125,147.2578125,bond,random_manhattan,256,0.69716,15535557691745658268,16,251,True,True,True,True
103,0.40234375,42.609375,bond,random_manhattan,256,0.69716,9062705006506175379,16,252,True,False,True,False
163,0.63671875,104.1484375,bond,random_manhattan,256,0.69716,196671570974116971,16,253,True,True,True,True
114,0.4453125,51.484375,bond,random_manhattan,256,0.69716,6237302020118042768,16,254,True,False,False,True
165,0.64453125,106.703125,bond,random_manhattan,256,0.69716,7316360973265083505,16,255,True,True,True,True
695,0.6787109375,472.08984375,bond,random_manhattan,1024,0.69716,7654278820041559293,32,0,True,True,True,True
532,0.51953125,279.1796875,bond,random_manhattan,1024,0.69716,4582023023621519280,32,1,True,True,True,True
520,0.5078125,264.787109375,bond,random_manhattan,1024,0.69716,12593655302031024987,32,2,True,True,True,True
411,0.4013671875,172.0703125,bond,random_manhattan,1024,0.69716,3870972140571947573,32,3,True,True,True,True
635,0.6201171875,394.74609375,bond,random_manhattan,1024,0.69716,2967719565523123998,32,4,True,True,True,True
564,0.55078125,311.44921875,bond,random_manhattan,1024,0.69716,15571191738522639627,32,5,True,True,True,True
543,0.5302734375,288.873046875,bond,random_manhattan,1024,0.69716,18124348161032061185,32,6,True,True,True,True
642,0.626953125,402.9296875,bond,random_manhattan,1024,0.69716,6271335113253142729,32,7,True,True,True,True
462,0.451171875,209.248046875,bond,random_manhattan,1024,0.69716,16391361405006100971,32,8,True,True,True,True
495,0.4833984375,240.271484375,bond,random_manhattan,1024,0.69716,18298013557912614706,32,9,True,True,True,True
688,0.671875,462.578125,bond,random_manhattan,1024,0.69716,9195370404647562183,32,10,True,True,True,True
504,0.4921875,251.07421875,bond,random_manhattan,1024,0.69716,15524180956913230079,32,11,True,True,True,True
561,0.5478515625,311.798828125,bond,random_manhattan,1024,0.69716,10571273071708253713,32,12,True,True,True,True
424,0.4140625,177.8125,bond,random_manhattan,1024,0.69716,12203284511398113998,32,13,True,True,True,True
494,0.482421875,240.193359375,bond,random_manhattan,1024,0.69716,125233717468127961,32,14,True,True,True,True
655,0.6396484375,419.435546875,bond,random_manhattan,1024,0.69716,12627107345678374705,32,15,True,True,True,True
648,0.6328125,410.458984375,bond,random_manhattan,1024,0.69716,2766358827097394380,32,16,True,True,True,True
596,0.58203125,347.498046875,bond,random_manhattan,1024,0.69716,8882306581353238207,32,17,True,True,True,True
280,0.2734375,82.888671875,bond,random_manhattan,1024,0.69716,7382486249304721131,32,18,True,False,True,False
587,0.5732421875,337.080078125,bond,random_manhattan,1024,0.69716,439334719791557944,32,19,True,True,True,True
417,0.4072265625,172.484375,bond,random_manhattan,1024,0.69716,11841571231735755753,32,20,True,True,True,True
618,0.603515625,373.3984375,bond,random_manhattan,1024,0.69716,14679675028790986687,32,21,True,True,True,True
614,0.599609375,368.595703125,bond,random_manhattan,1024,0.69716,16645466404467755887,32,22,True,True,True,True
717,0.7001953125,502.45703125,bond,random_manhattan,1024,0.69716,8550418712722118210,32,23,True,True,True,True
536,0.5234375,281.1640625,bond,random_manhattan,1024,0.69716,10622481994883578429,32,24,True,True,True,True
440,0.4296875,190.404296875,bond,random_manhattan,1024,0.69716,9488445899395787556,32,25,True,True,True,True
266,0.259765625,75.1640625,bond,random_manhattan,1024,0.69716,1269518279791320283,32,26,True,False,False,True
594,0.580078125,345.228515625,bond,random_manhattan,1024,0.69716,25967639345166843,32,27,True,True,True,True
536,0.5234375,281.439453125,bond,random_manhattan,1024,0.69716,1875538734736641723,32,28,True,True,True,True
302,0.294921875,91.46875,bond,random_manhattan,1024,0.69716,1062678375533114455,32,29,True,False,False,True
522,0.509765625,266.677734375,bond,random_manhattan,1024,0.69716,12348398227319102201,32,30,True,True,True,True
679,0.6630859375,450.61328125,bond,random_manhattan,1024,0.69716,8548775007798111588,32,31,True,True,True,True
548,0.53515625,293.998046875,bond,random_manhattan,1024,0.69716,11365276797713324506,32,32,True,True,True,True
293,0.2861328125,88.451171875,bond,random_manhattan,1024,0.69716,7012884272336026931,32,33,True,True,True,True
626,0.611328125,383.4453125,bond,random_manhattan,1024,0.69716,13281892675199521142,32,34,True,True,True,True
565,0.5517578125,312.60546875,bond,random_manhattan,1024,0.69716,4249629498262609907,32,35,True,True,True,True
317,0.3095703125,103.08984375,bond,random_manhattan,1024,0.69716,13334179728120652668,32,36,True,True,True,True
437,0.4267578125,187.611328125,bond,random_manhattan,1024,0.69716,15176514642012981163,32,37,True,False,True,False
641,0.6259765625,401.798828125,bond,random_manhattan,1024,0.69716,14194395549542637119,32,38,True,True,True,True
500,0.48828125,244.79296875,bond,random_manhattan,1024,0.69716,8691964264564568258,32,39,True,True,True,True
563,0.5498046875,310.11328125,bond,random_manhattan,1024,0.69716,16286867591163940369,32,40,True,True,True,True
519,0.5068359375,264.287109375,bond,random_manhattan,1024,0.69716,9737119048483870906,32,41,True,True,True,True
497,0.4853515625,242.041015625,bond,random_manhattan,1024,0.69716,16212115016652493643,32,42,True,True,True,True
576,0.5625,326.572265625,bond,random_manhattan,1024,0.69716,10934866268065247866,32,43,True,True,True,True
618,0.603515625,373.521484375,bond,random_manhattan,1024,0.69716,15677035536401436299,32,44,True,True,True,True
285,0.2783203125,95.966796875,bond,random_manhattan,1024,0.69716,2805406481452241250,32,45,True,True,True,True
341,0.3330078125,116.197265625,bond,random_manhattan,1024,0.69716,4717694732229651872,32,46,True,True,True,True
526,0.513671875,271.634765625,bond,random_manhattan,1024,0.69716,16320398255736682840,32,47,True,True,True,True
271,0.2646484375,108.50390625,bond,random_manhattan,1024,0.69716,13486927642310592125,32,48,True,False,True,False
562,0.548828125,310.240234375,bond,random_manhattan,1024,0.69716,1534867665097054273,32,49,True,True,True,True
570,0.556640625,317.8046875,bond,random_manhattan,1024,0.69716,11330007436594378531,32,50,True,True,True,True
367,0.3583984375,147.357421875,bond,random_manhattan,1024,0.69716,7943037798058044504,32,51,True,False,True,False
692,0.67578125,467.98828125,bond,random_manhattan,1024,0.69716,929468458580708343,32,52,True,True,True,True
544,0.53125,289.556640625,bond,random_manhattan,1024,0.69716,17083768792118729234,32,53,True,True,True,True
662,0.646484375,428.40234375,bond,random_manhattan,1024,0.69716,5046912162601624755,32,54,True,True,True,True
535,0.5224609375,280.130859375,bond,random_manhattan,1024,0.69716,1020785213412108809,32,55,True,True,True,True
604,0.58984375,357.0078125,bond,random_manhattan,1024,0.69716,10015708223377649175,32,56,True,True,True,True
579,0.5654296875,328.04296875,bond,random_manhattan,1024,0.69716,6166738914463146702,32,57,True,True,True,True
567,0.5537109375,314.994140625,bond,random_manhattan,1024,0.69716,17447847280228782764,32,58,True,True,True,True
596,0.58203125,347.615234375,bond,random_manhattan,1024,0.69716,12272853859537730256,32,59,True,True,True,True
685,0.6689453125,458.93359375,bond,random_manhattan,1024,0.69716,16201920667795102942,32,60,True,True,True,True
725,0.7080078125,513.931640625,bond,random_manhattan,1024,0.69716,7539528198141537617,32,61,True,True,True,True
472,0.4609375,218.732421875,bond,random_manhattan,1024,0.69716,7322293989508036254,32,62,True,True,True,True
307,0.2998046875,98.658203125,bond,random_manhattan,1024,0.69716,16957274928915092428,32,63,True,False,True,False
253,0.2470703125,66.142578125,bond,random_manhattan,1024,0.69716,31008017477306229,32,64,True,True,True,True
667,0.6513671875,434.810546875,bond,random_manhattan,1024,0.69716,3852940959588704097,32,65,True,True,True,True
777,0.7587890625,589.83203125,bond,random_manhattan,1024,0.69716,9990944414995514965,32,66,True,True,True,True
699,0.6826171875,477.501953125,bond,random_manhattan,1024,0.69716,12609112710795793989,32,67,True,True,True,True
373,0.3642578125,144.654296875,bond,random_manhattan,1024,0.69716,9914237026715172617,32,68,True,False,True,False
706,0.689453125,487.2890625,bond,random_manhattan,1024,0.69716,10966250796553449476,32,69,True,True,True,True
515,0.5029296875,260.283203125,bond,random_manhattan,1024,0.69716,1042893185008396404,32,70,True,True,True,True
463,0.4521484375,211.791015625,bond,random_manhattan,1024,0.69716,8282956404308867069,32,71,True,False,False,True
646,0.630859375,408.185546875,bond,random_manhattan,1024,0.69716,1207885405041499047,32,72,True,True,True,True
499,0.4873046875,244.130859375,bond,random_manhattan,1024,0.69716,5017625455128524560,32,73,True,True,True,True
627,0.6123046875,384.431640625,bond,random_manhattan,1024,0.69716,18429760253496923486,32,74,True,True,True,True
592,0.578125,342.865234375,bond,random_manhattan,1024,0.69716,9721352155453306154,32,75,True,True,True,True
437,0.4267578125,188.345703125,bond,random_manhattan,1024,0.69716,7881343534175165052,32,76,True,True,True,True
401,0.3916015625,162.48828125,bond,random_manhattan,1024,0.69716,9624313857187668087,32,77,True,True,True,True
526,0.513671875,270.783203125,bond,random_manhattan,1024,0.69716,10086884864256183306,32,78,True,True,True,True
446,0.435546875,196.974609375,bond,random_manhattan,1024,0.69716,8446854135115459409,32,79,True,True,True,True
421,0.4111328125,174.396484375,bond,random_manhattan,1024,0.69716,15042677997644346460,32,80,True,True,True,True
607,0.5927734375,360.244140625,bond,random_manhattan,1024,0.69716,11565102980988601493,32,81,True,True,True,True
586,0.572265625,335.9453125,bond,random_manhattan,1024,0.69716,547472906072160288,32,82,True,True,True,True
546,0.533203125,292.330078125,bond,random_manhattan,1024,0.69716,5948311836003982,32,83,True,True,True,True
137,0.1337890625,35.79296875,bond,random_manhattan,1024,0.69716,15538113259113314755,32,84,True,False,True,False
399,0.3896484375,162.21875,bond,random_manhattan,1024,0.69716,17250518885723411217,32,85,True,True,True,True
637,0.6220703125,396.810546875,bond,random_manhattan,1024,0.69716,4989173730839609014,32,86,True,True,True,True
623,0.6083984375,379.857421875,bond,random_manhattan,1024,0.69716,6017979535515708292,32,87,True,True,True,True
513,0.5009765625,258.474609375,bond,random_manhattan,1024,0.69716,11782589148513120143,32,88,True,True,True,True
551,0.5380859375,297.28125,bond,random_manhattan,1024,0.69716,8858070962114232124,32,89,True,True,True,True
476,0.46484375,222.53125,bond,random_manhattan,1024,0.69716,5304094267622605040,32,90,True,True,True,True
372,0.36328125,137.517578125,bond,random_manhattan,1024,0.69716,17315001289224492985,32,91,True,False,False,True
672,0.65625,441.3984375,bond,random_manhattan,1024,0.69716,12562024549461654897,32,92,True,True,True,True
560,0.546875,307.798828125,bond,random_manhattan,1024,0.69716,16803299565448040631,32,93,True,True,True,True
407,0.3974609375,165.35546875,bond,random_manhattan,1024,0.69716,2232921393160909731,32,94,True,False,False,True
561,0.5478515625,308.091796875,bond,random_manhattan,1024,0.69716,3233437851895653349,32,95,True,False,True,False
471,0.4599609375,217.38671875,bond,random_manhattan,1024,0.69716,5946238302030792507,32,96,True,True,True,True
339,0.3310546875,117.310546875,bond,random_manhattan,1024,0.69716,6815613393823214196,32,97,True,True,True,True
573,0.5595703125,321.69921875,bond,random_manhattan,1024,0.69716,5260930096466081267,32,98,True,True,True,True
563,0.5498046875,310.244140625,bond,random_manhattan,1024,0.69716,9206168489038069909,32,99,True,True,True,True
693,0.6767578125,469.751953125,bond,random_manhattan,1024,0.69716,1711905819927753668,32,100,True,True,True,True
532,0.51953125,277.59765625,bond,random_manhattan,1024,0.69716,16453861285599021119,32,101,True,True,True,True
522,0.509765625,267.302734375,bond,random_manhattan,1024,0.69716,6974627587692060299,32,102,True,True,True,True
385,0.3759765625,147.408203125,bond,random_manhattan,1024,0.69716,11437914918951552882,32,103,True,True,True,True
566,0.552734375,313.783203125,bond,random_manhattan,1024,0.69716,8151776403691749758,32,104,True,True,True,True
551,0.5380859375,297.92578125,bond,random_manhattan,1024,0.69716,3200288610092124426,32,105,True,True,True,True
381,0.3720703125,143.76953125,bond,random_manhattan,1024,0.69716,17027036766192163323,32,106,True,False,False,True
353,0.3447265625,136.244140625,bond,random_manhattan,1024,0.69716,7714091779280387478,32,107,True,True,True,True
650,0.634765625,413.140625,bond,random_manhattan,1024,0.69716,3876150957237140731,32,108,True,True,True,True
552,0.5390625,298.087890625,bond,random_manhattan,1024,0.69716,14890442208468287126,32,109,True,True,True,True
371,0.3623046875,137.541015625,bond,random_manhattan,1024,0.69716,9202942053270415816,32,110,True,True,True,True
602,0.587890625,354.970703125,bond,random_manhattan,1024,0.69716,17997053619095319263,32,111,True,True,True,True
617,0.6025390625,372.32421875,bond,random_manhattan,1024,0.69716,14660944729219504482,32,112,True,True,True,True
651,0.6357421875,414.380859375,bond,random_manhattan,1024,0.69716,13614381212590527659,32,113,True,True,True,True
629,0.6142578125,387.23046875,bond,random_manhattan,1024,0.69716,1848615276549394726,32,114,True,True,True,True
548,0.53515625,293.96484375,bond,random_manhattan,1024,0.69716,18346586923350817828,32,115,True,True,True,True
526,0.513671875,270.759765625,bond,random_manhattan,1024,0.69716,13045325133108911239,32,116,True,True,True,True
515,0.5029296875,260.640625,bond,random_manhattan,1024,0.69716,6100096017893374540,32,117,True,True,True,True
604,0.58984375,357.111328125,bond,random_manhattan,1024,0.69716,5145749124717022797,32,118,True,True,True,True
542,0.529296875,287.431640625,bond,random_manhattan,1024,0.69716,16185971524591099490,32,119,True,True,True,True
638,0.623046875,397.986328125,bond,random_manhattan,1024,0.69716,13700346011315396590,32,120,True,True,True,True
675,0.6591796875,445.486328125,bond,random_manhattan,1024,0.69716,7550196709946929623,32,121,True,True,True,True
393,0.3837890625,152.427734375,bond,random_manhattan,1024,0.69716,5997793421536960586,32,122,True,True,True,True
669,0.6533203125,437.44140625,bond,random_manhattan,1024,0.69716,13882160980160023140,32,123,True,True,True,True
517,0.5048828125,262.34375,bond,random_manhattan,1024,0.69716,3602007881915301966,32,124,True,True,True,True
632,0.6171875,390.8515625,bond,random_manhattan,1024,0.69716,1039846337019033595,32,125,True,True,True,True
620,0.60546875,376.173828125,bond,random_manhattan,1024,0.69716,11963364171637598483,32,126,True,True,True,True
555,0.5419921875,302.107421875,bond,random_manhattan,1024,0.69716,5405659191078092203,32,127,True,True,True,True
562,0.548828125,316.130859375,bond,random_manhattan,1024,0.69716,2872916805038032290,32,128,True,True,True,True
507,0.4951171875,251.978515625,bond,random_manhattan,1024,0.69716,13382427624635949519,32,129,True,True,True,True
621,0.6064453125,377.037109375,bond,random_manhattan,1024,0.69716,7115451529682808406,32,130,True,True,True,True
710,0.693359375,492.80859375,bond,random_manhattan,1024,0.69716,3032605552612843650,32,131,True,True,True,True
619,0.6044921875,374.74609375,bond,random_manhattan,1024,0.69716,18302928590676016629,32,132,True,True,True,True
447,0.4365234375,200.4765625,bond,random_manhattan,1024,0.69716,882489049700420967,32,133,True,False,False,True
384,0.375,149.76953125,bond,random_manhattan,1024,0.69716,1347854557559101006,32,134,True,True,True,True
512,0.5,260.3203125,bond,random_manhattan,1024,0.69716,148534630411254765,32,135,True,True,True,True
649,0.6337890625,411.8671875,bond,random_manhattan,1024,0.69716,8627011581327580594,32,136,True,True,True,True
683,0.6669921875,456.0234375,bond,random_manhattan,1024,0.69716,13786358857032762830,32,137,True,True,True,True
597,0.5830078125,349.048828125,bond,random_manhattan,1024,0.69716,3881306023237073693,32,138,True,True,True,True
246,0.240234375,70.470703125,bond,random_manhattan,1024,0.69716,12940190576126520807,32,139,True,False,True,False
431,0.4208984375,182.853515625,bond,random_manhattan,1024,0.69716,3778361494189859873,32,140,True,True,True,True
644,0.62890625,405.5234375,bond,random_manhattan,1024,0.69716,16914730366016429337,32,141,True,True,True,True
283,0.2763671875,81.779296875,bond,random_manhattan,1024,0.69716,8186354732933737732,32,142,True,False,True,False
512,0.5,256.9296875,bond,random_manhattan,1024,0.69716,13663260096598578921,32,143,True,True,True,True
583,0.5693359375,332.453125,bond,random_manhattan,1024,0.69716,9827391548360850889,32,144,True,True,True,True
558,0.544921875,305.87109375,bond,random_manhattan,1024,0.69716,11684517086321280956,32,145,True,True,True,True
594,0.580078125,345.205078125,bond,random_manhattan,1024,0.69716,9763156523604746179,32,146,True,True,True,True
194,0.189453125,54.3046875,bond,random_manhattan,1024,0.69716,17695512271573507536,32,147,True,False,True,False
609,0.5947265625,362.759765625,bond,random_manhattan,1024,0.69716,15021714717198881298,32,148,True,True,True,True
643,0.6279296875,404.615234375,bond,random_manhattan,1024,0.69716,13968705914178660641,32,149,True,True,True,True
624,0.609375,380.982421875,bond,random_manhattan,1024,0.69716,3967471559243522370,32,150,True,True,True,True
683,0.6669921875,455.970703125,bond,random_manhattan,1024,0.69716,12176831912871416520,32,151,True,True,True,True
727,0.7099609375,516.431640625,bond,random_manhattan,1024,0.69716,8687635161729154956,32,152,True,True,True,True
609,0.5947265625,362.646484375,bond,random_manhattan,1024,0.69716,14076123977744296388,32,153,True,True,True,True
545,0.5322265625,291.080078125,bond,random_manhattan,1024,0.69716,7701408145913197254,32,154,True,True,True,True
609,0.5947265625,362.623046875,bond,random_manhattan,1024,0.69716,11588762805968724992,32,155,True,True,True,True
265,0.2587890625,80.732421875,bond,random_manhattan,1024,0.69716,13156418092797801773,32,156,True,False,True,False
690,0.673828125,465.578125,bond,random_manhattan,1024,0.69716,15207405941145039506,32,157,True,True,True,True
194,0.189453125,73.83984375,bond,random_manhattan,1024,0.69716,6879059038709763810,32,158,True,False,False,True
387,0.3779296875,147.65625,bond,random_manhattan,1024,0.69716,15903635863839152657,32,159,True,True,True,True
698,0.681640625,476.54296875,bond,random_manhattan,1024,0.69716,3641672530040011639,32,160,True,True,True,True
578,0.564453125,326.73046875,bond,random_manhattan,1024,0.69716,11489177086764072032,32,161,True,True,True,True
519,0.5068359375,264.609375,bond,random_manhattan,1024,0.69716,16750857329038772645,32,162,True,True,True,True
460,0.44921875,208.345703125,bond,random_manhattan,1024,0.69716,6200650117174737045,32,163,True,True,True,True
463,0.4521484375,219.861328125,bond,random_manhattan,1024,0.69716,10862217047552159565,32,164,True,True,True,True
615,0.6005859375,369.80078125,bond,random_manhattan,1024,0.69716,6953796300052191020,32,165,True,True,True,True
548,0.53515625,293.97265625,bond,random_manhattan,1024,0.69716,15719034109203538660,32,166,True,True,True,True
487,0.4755859375,232.55078125,bond,random_manhattan,1024,0.69716,9346054965903564789,32,167,True,True,True,True
714,0.697265625,498.173828125,bond,random_manhattan,1024,0.69716,14502926151761732461,32,168,True,True,True,True
548,0.53515625,293.853515625,bond,random_manhattan,1024,0.69716,12574082867239107505,32,169,True,True,True,True
488,0.4765625,263.021484375,bond,random_manhattan,1024,0.69716,9786202495651290300,32,170,True,True,True,True
423,0.4130859375,176.529296875,bond,random_manhattan,1024,0.69716,10802362146607814250,32,171,True,True,True,True
575,0.5615234375,323.68359375,bond,random_manhattan,1024,0.69716,1853795685994758118,32,172,True,True,True,True
513,0.5009765625,257.76953125,bond,random_manhattan,1024,0.69716,15003927877218749128,32,173,True,True,True,True
455,0.4443359375,203.974609375,bond,random_manhattan,1024,0.69716,16952002439429518186,32,174,True,True,True,True
519,0.5068359375,265.279296875,bond,random_manhattan,1024,0.69716,17119366388246209915,32,175,True,True,True,True
643,0.6279296875,404.458984375,bond,random_manhattan,1024,0.69716,15186299881690131681,32,176,True,True,True,True
620,0.60546875,375.951171875,bond,random_manhattan,1024,0.69716,9923525993607957753,32,177,True,True,True,True
599,0.5849609375,351.521484375,bond,random_manhattan,1024,0.69716,12968605956853619920,32,178,True,True,True,True
314,0.306640625,103.119140625,bond,random_manhattan,1024,0.69716,12405264086928778511,32,179,True,False,False,True
572,0.55859375,320.44921875,bond,random_manhattan,1024,0.69716,2564586070657839866,32,180,True,True,True,True
461,0.4501953125,221.89453125,bond,random_manhattan,1024,0.69716,6550515331563456029,32,181,True,True,True,True
514,0.501953125,258.689453125,bond,random_manhattan,1024,0.69716,8864403818320597919,32,182,True,True,True,True
441,0.4306640625,193.154296875,bond,random_manhattan,1024,0.69716,12156541691983136546,32,183,True,True,True,True
628,0.61328125,385.6875,bond,random_manhattan,1024,0.69716,18383153254559385759,32,184,True,True,True,True
605,0.5908203125,357.908203125,bond,random_manhattan,1024,0.69716,11413368257125342378,32,185,True,True,True,True
390,0.380859375,159.572265625,bond,random_manhattan,1024,0.69716,12653281691807143235,32,186,True,False,False,True
587,0.5732421875,337.01953125,bond,random_manhattan,1024,0.69716,18322251985811916151,32,187,True,True,True,True
536,0.5234375,281.24609375,bond,random_manhattan,1024,0.69716,17800489432344026357,32,188,True,True,True,True
491,0.4794921875,236.14453125,bond,random_manhattan,1024,0.69716,13965666758106582347,32,189,True,True,True,True
566,0.552734375,313.490234375,bond,random_manhattan,1024,0.69716,8815336226787030337,32,190,True,True,True,True
475,0.4638671875,221.19140625,bond,random_manhattan,1024,0.69716,8059550587910939531,32,191,True,False,True,False
488,0.4765625,233.361328125,bond,random_manhattan,1024,0.69716,10305582540906283858,32,192,True,True,True,True
467,0.4560546875,214.927734375,bond,random_manhattan,1024,0.69716,16113763904151470524,32,193,True,False,True,False
505,0.4931640625,251.1484375,bond,random_manhattan,1024,0.69716,9920782236095155193,32,194,True,True,True,True
633,0.6181640625,391.828125,bond,random_manhattan,1024,0.69716,14285427322301667836,32,195,True,True,True,True
443,0.4326171875,192.671875,bond,random_manhattan,1024,0.69716,7798610761051840881,32,196,True,True,True,True
553,0.5400390625,299.3203125,bond,random_manhattan,1024,0.69716,1710785981014873678,32,197,True,True,True,True
541,0.5283203125,286.490234375,bond,random_manhattan,1024,0.69716,11140838592999125934,32,198,True,True,True,True
104,0.1015625,17.69140625,bond,random_manhattan,1024,0.69716,1383450749267369291,32,199,False,False,False,False
642,0.626953125,403.17578125,bond,random_manhattan,1024,0.69716,1361221344734430172,32,200,True,True,True,True
442,0.431640625,193.744140625,bond,random_manhattan,1024,0.69716,5299296077256656023,32,201,True,True,True,True
589,0.5751953125,339.544921875,bond,random_manhattan,1024,0.69716,12662433103488884016,32,202,True,True,True,True
662,0.646484375,428.65625,bond,random_manhattan,1024,0.69716,7139530480616987823,32,203,True,True,True,True
602,0.587890625,355.20703125,bond,random_manhattan,1024,0.69716,14510605367807470690,32,204,True,True,True,True
491,0.4794921875,238.556640625,bond,random_manhattan,1024,0.69716,14860064975289767999,32,205,True,True,True,True
515,0.5029296875,259.876953125,bond,random_manhattan,1024,0.69716,4358293653935750008,32,206,True,True,True,True
303,0.2958984375,119.232421875,bond,random_manhattan,1024,0.69716,15578736138319256497,32,207,True,False,False,True
222,0.216796875,87.90234375,bond,random_manhattan,1024,0.69716,9415960113358703042,32,208,True,False,True,False
461,0.4501953125,209.353515625,bond,random_manhattan,1024,0.69716,9950285553228559279,32,209,True,True,True,True
331,0.3232421875,109.4453125,bond,random_manhattan,1024,0.69716,6182995962894822764,32,210,True,False,True,False
588,0.57421875,338.46484375,bond,random_manhattan,1024,0.69716,119668338247664031,32,211,True,True,True,True
644,0.62890625,405.84375,bond,random_manhattan,1024,0.69716,12069192383330024138,32,212,True,True,True,True
531,0.5185546875,276.35546875,bond,random_manhattan,1024,0.69716,16084234141506779996,32,213,True,True,True,True
675,0.6591796875,445.388671875,bond,random_manhattan,1024,0.69716,1070741242930004429,32,214,True,True,True,True
582,0.568359375,331.775390625,bond,random_manhattan,1024,0.69716,1726823286944289113,32,215,True,True,True,True
568,0.5546875,316.3515625,bond,random_manhattan,1024,0.69716,5968980276781524898,32,216,True,True,True,True
694,0.677734375,470.7109375,bond,random_manhattan,1024,0.69716,11827459718118448128,32,217,True,True,True,True
506,0.494140625,251.060546875,bond,random_manhattan,1024,0.69716,15451405600999424059,32,218,True,True,True,True
566,0.552734375,313.587890625,bond,random_manhattan,1024,0.69716,11738321529101259733,32,219,True,True,True,True
659,0.6435546875,424.7578125,bond,random_manhattan,1024,0.69716,619396230344346967,32,220,True,True,True,True
476,0.46484375,223.060546875,bond,random_manhattan,1024,0.69716,452994066375023022,32,221,True,True,True,True
636,0.62109375,395.494140625,bond,random_manhattan,1024,0.69716,6683584779744527505,32,222,True,True,True,True
734,0.716796875,526.478515625,bond,random_manhattan,1024,0.69716,7132644444640401901,32,223,True,True,True,True
698,0.681640625,476.173828125,bond,random_manhattan,1024,0.69716,10260902877883762751,32,224,True,True,True,True
543,0.5302734375,288.521484375,bond,random_manhattan,1024,0.69716,6373518210944960033,32,225,True,True,True,True
501,0.4892578125,247.654296875,bond,random_manhattan,1024,0.69716,7956847699572089948,32,226,True,True,True,True
263,0.2568359375,72.560546875,bond,random_manhattan,1024,0.69716,2439757997429169516,32,227,True,True,True,True
599,0.5849609375,350.986328125,bond,random_manhattan,1024,0.69716,14575601657712784438,32,228,True,True,True,True
696,0.6796875,473.39453125,bond,random_manhattan,1024,0.69716,12941404970694423593,32,229,True,True,True,True
672,0.65625,441.53125,bond,random_manhattan,1024,0.69716,15882022262177646413,32,230,True,True,True,True
528,0.515625,274.33984375,bond,random_manhattan,1024,0.69716,4007510379165965293,32,231,True,True,True,True
652,0.63671875,415.515625,bond,random_manhattan,1024,0.69716,9333252599440319994,32,232,True,True,True,True
625,0.6103515625,381.87109375,bond,random_manhattan,1024,0.69716,10801005482101413938,32,233,True,True,True,True
703,0.6865234375,482.951171875,bond,random_manhattan,1024,0.69716,17685778373862431036,32,234,True,True,True,True
189,0.1845703125,43.9375,bond,random_manhattan,1024,0.69716,3142852029688359169,32,235,True,False,False,True
526,0.513671875,270.947265625,bond,random_manhattan,1024,0.69716,3812306766233996989,32,236,True,True,True,True
470,0.458984375,218.958984375,bond,random_manhattan,1024,0.69716,907785873057789441,32,237,True,True,True,True
662,0.646484375,428.525390625,bond,random_manhattan,1024,0.69716,6956779037606413775,32,238,True,True,True,True
401,0.3916015625,159.83984375,bond,random_manhattan,1024,0.69716,10818635805796743962,32,239,True,False,True,False
678,0.662109375,449.259765625,bond,random_manhattan,1024,0.69716,1337046136113956564,32,240,True,True,True,True
580,0.56640625,329.16796875,bond,random_manhattan,1024,0.69716,2692732753533340382,32,241,True,True,True,True
305,0.2978515625,121.501953125,bond,random_manhattan,1024,0.69716,15002454649350840315,32,242,True,False,True,False
531,0.5185546875,276.146484375,bond,random_manhattan,1024,0.69716,3870921647424615073,32,243,True,True,True,True
667,0.6513671875,434.947265625,bond,random_manhattan,1024,0.69716,12880379031251599827,32,244,True,True,True,True
572,0.55859375,320.6171875,bond,random_manhattan,1024,0.69716,12890503588580159197,32,245,True,True,True,True
471,0.4599609375,217.6640625,bond,random_manhattan,1024,0.69716,3554011110042934337,32,246,True,True,True,True
360,0.3515625,129.41015625,bond,random_manhattan,1024,0.69716,6714379386173540742,32,247,True,True,True,True
578,0.564453125,327.04296875,bond,random_manhattan,1024,0.69716,2329913146971477624,32,248,True,True,True,True
646,0.630859375,408.0,bond,random_manhattan,1024,0.69716,7531475821786927912,32,249,True,True,True,True
554,0.541015625,300.904296875,bond,random_manhattan,1024,0.69716,13518763194729786425,32,250,True,True,True,True
541,0.5283203125,289.484375,bond,random_manhattan,1024,0.69716,14479996823998632579,32,251,True,True,True,True
551,0.5380859375,297.494140625,bond,random_manhattan,1024,0.69716,17536328575392260936,32,252,True,False,True,False
665,0.6494140625,432.380859375,bond,random_manhattan,1024,0.69716,2146607026368516788,32,253,True,True,True,True
599,0.5849609375,350.84765625,bond,random_manhattan,1024,0.69716,12482485609388603778,32,254,True,True,True,True
208,0.203125,63.97265625,bond,random_manhattan,1024,0.69716,9673204741769090840,32,255,False,False,False,False
